review,sentiment
This product is very good and useful,positive
Worst product I have ever bought,negative
Amazing quality and fast delivery,positive
Very bad experience with this item,negative
I am extremely happy with this purchase,positive
The product stopped working in two days,negative
Excellent service and great value,positive
Not worth the money,negative
I love this product,positive
Terrible quality and poor support,negative
Satisfied with the product performance,positive
Waste of money,negative
Highly recommended product,positive
Completely disappointed,negative
Best purchase I have made,positive
